CREATE TABLE SHARENIU_ID_USER (/*用户*/
    ID_ VARCHAR(64),/*用户唯一标示*/
    REV_ INTEGER,/*版本号*/
    NAME_ VARCHAR(255),/*用户名*/
    PWD_ VARCHAR(255),/*密码*/
    PRIMARY KEY (ID_)
);
CREATE TABLE SHARENIU_ID_DEP (/*部门*/
    ID_ VARCHAR(64),/*部门唯一标示*/
    NAME_ VARCHAR(255),/*部门名称*/
  PRIMARY KEY  (ID_)
);
CREATE TABLE SHARENIU_DEP__MEMBERSHIP (/*用户部门中间表*/
    DEP_ID_ VARCHAR(64),/*部门id*/
    USER_ID_ VARCHAR(255),/*用户id*/
  PRIMARY KEY  (DEP_ID_,USER_ID_)
);

CREATE TABLE SHARENIU_ID_ROLE (/*角色*/
    ID_ VARCHAR(64),/*角色id*/
    NAME_ VARCHAR(255),/*角色名称*/
  PRIMARY KEY  (ID_)
);
CREATE TABLE SHARENIU_ROLE__MEMBERSHIP (/*用户角色中间表*/
    ROLE_ID_ VARCHAR(64),/*角色id*/
    USER_ID_ VARCHAR(255),/*用户*/
  PRIMARY KEY  (ROLE_ID_,USER_ID_)
);
INSERT INTO SHARENIU_ID_USER (ID_) VALUES('shareniu1_1') ;
INSERT INTO SHARENIU_ID_USER (ID_) VALUES('shareniu1_2') ;
INSERT INTO SHARENIU_ID_USER (ID_) VALUES('shareniu1_3') ;
INSERT INTO SHARENIU_ID_USER (ID_) VALUES('shareniu1_4') ;
INSERT INTO SHARENIU_ID_USER (ID_) VALUES('shareniu1_5') ;
INSERT INTO SHARENIU_ID_ROLE (ID_, NAME_) VALUES('role1', 'role1') ;
INSERT INTO SHARENIU_ID_ROLE (ID_, NAME_) VALUES('role2', 'role2') ;
INSERT INTO SHARENIU_ROLE__MEMBERSHIP (ROLE_ID_, USER_ID_) VALUES('role1', 'shareniu1_1') ;
INSERT INTO SHARENIU_ROLE__MEMBERSHIP (ROLE_ID_, USER_ID_) VALUES('role2', 'shareniu1_2') ;
INSERT INTO SHARENIU_ID_DEP (ID_, NAME_) VALUES('shareniu1', 'shareniu1_1') ;
INSERT INTO SHARENIU_ID_DEP (ID_, NAME_) VALUES('shareniu2', 'shareniu1_2') ;
INSERT INTO SHARENIU_DEP__MEMBERSHIP (DEP_ID_, USER_ID_) VALUES('shareniu1', 'shareniu1_3') ;
INSERT INTO SHARENIU_DEP__MEMBERSHIP (DEP_ID_, USER_ID_) VALUES('shareniu2', 'shareniu1_4') ;
INSERT INTO SHARENIU_DEP__MEMBERSHIP (DEP_ID_, USER_ID_) VALUES('shareniu2', 'shareniu1_5') ;

ALTER TABLE ACT_RU_IDENTITYLINK  ADD COLUMN DEP_ID_ VARCHAR(255);
ALTER TABLE ACT_HI_IDENTITYLINK  ADD COLUMN DEP_ID_ VARCHAR(255);
